,Unnamed: 0,Codigo_da_oportunidade,Classificacao_da_Oportunidade,Data_de_criacao,Faixa_de_Faturamento_Agregado,Data_Real_de_Encerramento_da_Opp2,numero_relacionamentos,numero_relacionamentos_convertidos,intervalo_tempo,ano,Valor_corrigido2,Forma_de_Contratacao_Agregado,Concorrentes,n_solucoes,Software,Comissão sobre Parceiros,Cybersecurity,Desdobramento de metas,ESG,Equilíbrio fiscal,Skill_dev,Gestão Estratégica,Gestão da Educação,Gestão da Operação,Gestão da Receita,Gestão da Saúde,Gestão da Segurança Pública,Gestão da Segurança Viária,Gestão de Gastos,Gestão de operações projetizadas,Gestão de pessoas,Processes Excellence,Produtos digitais,S_amp_OP_S_amp_OE,Transformação Digital,Treinamentos,Roadmap,Segmentacao,Carteira_Nova,Segmento_Agregado2,Total_HH,Custo_Total,Margem_Total,ID_cliente
0,1,12518,Renovação,2021-04-23,De 1 a 5 bilhões,2021-05-26,7,3,0.7,2021,1112337.43448766,Sem Concorrência,0,4,0,0,0,0,0,0,0,0,0,0,0,0,0,0,0,0,1,0,0,0,0,0,0,1,Bens Não Duráveis,Agronegócio,171.0,334802.7,0.575724424743415,95
1,2,10767,Novo,2020-03-23,"De 60,1 a 300 milhoes",2021-05-27,1,0,0.0,2021,445984.352553332,Concorrência,0,2,0,0,0,0,0,0,0,0,0,1,0,0,0,0,0,0,0,0,0,0,0,0,0,2,Serviços,Energia,125.5,120951.02,0.644261705882353,263
2,3,11825,Renovação,2020-12-01,De 301 a 500 milhões,2021-05-28,6,1,5.83,2021,523593.825136422,Concorrência,0,1,0,0,0,1,0,0,0,0,0,0,0,0,0,0,0,0,0,0,0,0,0,0,0,0,Serviços,Transporte e Logística,102.0,156401.91,0.608178522107017,437
3,4,12583,Renovação,2021-05-05,Acima de 5 bilhões,2021-05-28,11,10,0.57,2021,4756797.27203017,Sem Concorrência,0,1,0,0,0,0,0,0,0,0,0,0,0,0,0,0,0,1,0,0,0,0,0,0,0,1,"Saúde, Educação e Serviços Públicos",Administracao Publica,1386.0,2935648.5,0.190475283367989,252
4,5,11389,Recuperação,2020-09-01,De 501 a 1 bilhão,2021-05-31,4,0,12.57,2021,301695.290699026,Concorrência,0,1,0,0,0,0,0,0,0,0,0,0,0,0,0,0,0,0,0,1,0,0,0,0,0,0,Bens Duráveis,Demais Comercios,65.0,89227.5,0.612054347826087,386
5,6,12142,Renovação,2021-02-18,De 1 a 5 bilhões,2021-05-31,7,4,5.7,2021,2811996.91265533,Sem Concorrência,0,1,0,0,0,1,0,0,0,0,0,0,0,0,0,0,0,0,0,0,0,0,0,0,0,1,Bens Duráveis,Ind. Farmacêutica,796.0,803068.31,0.625390875801749,449
6,7,12234,Renovação,2021-03-08,Acima de 5 bilhões,2021-05-31,16,9,0.47,2021,1900909.912955,Concorrência,0,1,0,0,0,0,0,0,0,0,0,0,0,0,0,0,0,0,0,1,0,0,0,0,0,1,Serviços,Servicos Especializados,378.0,553941.96,0.61775357703521,523
7,8,11924,Renovação,2020-12-30,De 501 a 1 bilhão,2021-06-07,3,1,9.43,2021,236081.294909168,Sem Concorrência,0,1,0,0,0,0,0,0,0,0,0,0,0,0,0,0,1,0,0,0,0,0,0,0,0,0,Serviços,Serviços Financeiros,44.0,81187.6,0.551282384314592,264
8,9,12215,Recuperação,2021-03-04,"De 15,1 a 60 milhões",2021-06-07,2,0,7.43,2021,542651.31768221,RFP,0,1,0,0,0,0,0,0,0,0,0,0,0,0,0,0,0,0,0,1,0,0,0,0,0,2,Serviços,Energia,89.0,190821.53,0.54117031649184,762
9,10,12233,Renovação,2021-03-08,Acima de 5 bilhões,2021-06-07,17,10,0.23,2021,3583736.43409509,RFP,0,1,0,0,0,0,0,0,0,0,0,0,0,0,0,0,0,0,0,1,0,0,0,0,0,1,Serviços,Servicos Especializados,782.0,1117663.44,0.593069747840263,523
10,11,12272,Recuperação,2021-03-15,"De 60,1 a 300 milhoes",2021-06-07,2,0,2.33,2021,805585.461301426,Concorrência,0,1,0,0,0,0,0,0,0,0,0,1,0,0,0,0,0,0,0,0,0,0,0,0,0,0,Serviços,Servicos Especializados,72.0,358881.14,0.418721833495303,681
11,12,12545,Novo,2021-04-28,De 501 a 1 bilhão,2021-06-07,1,0,0.0,2021,828549.995140884,Sem Concorrência,0,1,0,0,0,0,0,0,0,0,0,0,0,0,0,0,0,1,0,0,0,0,0,0,0,2,"Saúde, Educação e Serviços Públicos",Associações Fed. Fundações e Entidades De Classe,141.0,237834.17,0.625458,24
12,13,12549,Novo,2021-04-29,"De 60,1 a 300 milhoes",2021-06-07,1,0,0.0,2021,2471297.14897582,Sem Concorrência,0,1,0,0,0,0,0,0,0,0,0,1,0,0,0,0,0,0,0,0,0,0,0,0,0,2,Serviços,Serviços Financeiros,507.0,870332.72,0.540479028511088,740
13,14,11358,Novo,2020-08-25,De 501 a 1 bilhão,2021-06-08,1,0,0.0,2021,2467105.47523562,Publico,0,4,0,0,0,0,0,0,0,0,0,1,0,0,0,0,0,0,0,0,0,0,0,0,0,2,"Saúde, Educação e Serviços Públicos",Administracao Publica,451.0,1073687.93,0.411065548367931,643
14,15,12288,Novo,2021-03-17,De 301 a 500 milhões,2021-06-08,1,0,0.0,2021,391604.043688193,Publico,0,1,0,0,0,0,0,0,0,0,0,0,0,0,0,0,0,0,0,1,0,0,0,0,0,0,Serviços,Transporte e Logística,76.0,135665.14,0.547971211995002,635
15,16,12620,Renovação,2021-05-11,De 1 a 5 bilhões,2021-06-08,6,4,1.33,2021,566147.560303502,Concorrência,0,1,0,0,0,0,0,0,0,1,0,0,0,0,0,0,0,0,0,0,0,0,0,0,0,4,Serviços,Servicos Especializados,136.0,174286.56,0.598320884084859,189
16,17,12754,Novo,2021-06-01,De 1 a 5 bilhões,2021-06-10,16,11,0.93,2021,2770318.8919199,Concorrência,0,1,0,0,0,0,0,0,0,0,0,0,0,0,0,0,0,1,0,0,0,0,0,0,0,1,Internacional & Outros,Ind de Alimentos e Bebidas,587.0,900589.42,0.636272447495961,503
17,18,12027,Novo,2021-01-29,"De 15,1 a 60 milhões",2021-06-15,1,0,0.0,2021,1219756.46002655,Publico,0,3,0,0,0,0,0,0,1,0,0,0,0,0,0,0,0,0,1,1,0,0,0,0,0,2,"Saúde, Educação e Serviços Públicos",Administracao Publica,192.0,657954.67,0.296169894898517,20
18,19,12762,Renovação,2021-06-02,De 1 a 5 bilhões,2021-06-15,3,1,3.37,2021,169624.410392237,Sem Concorrência,0,1,0,0,0,0,0,0,0,1,0,0,0,0,0,0,0,0,0,0,0,0,0,0,0,2,Bens Não Duráveis,Agronegócio,27.0,83138.89,0.360470076923077,600
19,20,12499,Novo,2021-04-20,De 1 a 5 bilhões,2021-06-17,1,0,0.0,2021,3557375.8876114,RFP,0,1,0,0,0,1,0,0,0,0,0,0,0,0,0,0,0,0,0,0,0,0,0,0,0,0,"Saúde, Educação e Serviços Públicos",Ensino/Educação,1142.0,1569373.35,0.42437253009478,850
20,21,11618,Recuperação,2020-10-08,Acima de 5 bilhões,2021-06-18,3,1,1.0,2021,1629249.60299689,Sem Concorrência,0,3,1,0,0,0,0,0,0,0,0,1,0,0,0,0,0,0,0,0,1,0,0,0,0,1,Bens Duráveis,Demais Ind.,534.0,596987.52,0.52189573122367,672
21,22,12788,Recuperação,2021-06-08,De 501 a 1 bilhão,2021-06-21,2,0,4.87,2021,260960.627069331,Sem Concorrência,0,1,0,0,0,0,1,0,0,0,0,0,0,0,0,0,0,0,0,0,0,0,0,0,0,2,Infraestrutura e Indústria de Base,Químico Petroquímico e Embalagens,62.0,114275.74,0.4286213,387
22,23,12369,Renovação,2021-04-01,De 501 a 1 bilhão,2021-06-23,3,1,6.23,2021,2237737.39250396,Sem Concorrência,0,1,0,0,0,0,0,0,0,0,0,0,0,0,0,0,1,0,0,0,0,0,0,0,0,0,Bens Não Duráveis,Comércio de Alimentos e Bebidas,545.0,649759.07,0.621131737609329,769
23,24,12420,Recuperação,2021-04-13,De 1 a 5 bilhões,2021-06-23,2,0,35.53,2021,2715494.32580356,RFP,0,1,0,0,0,0,0,0,0,0,0,0,0,0,0,0,1,0,0,0,0,0,0,0,0,2,Infraestrutura e Indústria de Base,Siderurgia e Mineração,128.0,1311946.33,0.369605865019502,35
24,25,12480,Novo,2021-04-19,"De 60,1 a 300 milhoes",2021-06-23,1,0,0.0,2021,615377.782938589,Sem Concorrência,0,1,0,0,0,0,1,0,0,0,0,0,0,0,0,0,0,0,0,0,0,0,0,0,0,2,Bens Não Duráveis,Agronegócio,182.0,283894.24,0.398050909090909,581
25,26,12603,Novo,2021-05-07,"De 15,1 a 60 milhões",2021-06-23,2,0,2.07,2021,459290.710355235,Sem Concorrência,0,1,0,0,0,0,1,0,0,0,0,0,0,0,0,0,0,0,0,0,0,0,0,0,0,2,Serviços,Serviços Financeiros,77.0,135478.99,0.615116505681818,87
26,27,12701,Renovação,2021-05-25,Acima de 5 bilhões,2021-06-24,3,1,8.97,2021,698174.066461236,Concorrência,0,1,0,0,0,0,0,0,0,0,0,0,0,0,0,0,0,0,0,1,0,0,0,0,0,2,Bens Duráveis,Demais Ind.,190.0,256832.04,0.588410192307692,188
27,28,12593,Novo,2021-05-05,De 501 a 1 bilhão,2021-06-25,1,0,0.0,2021,490400.149567243,Concorrência,0,1,0,0,0,0,1,0,0,0,0,0,0,0,0,0,0,0,0,0,0,0,0,0,0,2,"Saúde, Educação e Serviços Públicos",Serviços Médicos,77.0,202855.51,0.460264219895448,670
28,29,12832,Renovação,2021-06-15,"De 60,1 a 300 milhoes",2021-06-25,2,1,2.63,2021,1678303.04437797,Sem Concorrência,0,1,0,0,0,0,0,0,0,0,0,0,0,0,0,0,0,0,0,0,0,1,0,0,0,2,Bens Não Duráveis,Comércio de Alimentos e Bebidas,599.0,626118.27,0.513221947521866,771
29,30,11964,Recuperação,2021-01-19,"De 60,1 a 300 milhoes",2021-06-28,3,1,21.9,2021,652401.573267672,Sem Concorrência,0,2,0,0,0,1,0,0,0,0,0,0,0,0,0,0,0,0,1,0,0,0,0,0,0,2,Bens Não Duráveis,Ind de Alimentos e Bebidas,125.0,252316.42,0.49536716,761
30,31,12465,Renovação,2021-04-16,Acima de 5 bilhões,2021-06-28,19,6,1.8,2021,1062925.26143938,Sem Concorrência,0,1,0,0,0,0,0,0,0,0,0,0,0,0,0,0,0,0,0,1,0,0,0,0,0,0,Serviços,Energia,249.0,361622.86,0.556086714746049,266
31,32,12122,Novo,2021-02-16,De 501 a 1 bilhão,2021-06-29,1,0,0.0,2021,711600.490816259,Concorrência,0,2,0,0,0,1,0,0,0,0,0,0,0,0,0,0,0,0,1,0,0,0,0,0,0,2,"Saúde, Educação e Serviços Públicos",Serviços Médicos,184.0,307763.15,0.435680088747089,474
32,33,12456,Novo,2021-04-15,De 1 a 5 bilhões,2021-06-29,1,0,0.0,2021,2926673.45244247,Concorrência,0,1,0,0,0,0,0,0,0,0,0,0,0,0,0,0,1,0,0,0,0,0,0,0,0,0,Infraestrutura e Indústria de Base,Siderurgia e Mineração,559.0,881477.34,0.607009656709764,186
33,34,12610,Novo,2021-05-10,De 301 a 500 milhões,2021-06-29,1,0,0.0,2021,760830.713451346,Sem Concorrência,0,1,0,0,0,0,0,0,0,0,0,1,0,0,0,0,0,0,0,0,0,0,0,0,0,2,Bens Não Duráveis,Ind de Alimentos e Bebidas,205.0,206935.81,0.645110941519465,166
34,35,12665,Novo,2021-05-19,Acima de 5 bilhões,2021-06-29,1,0,0.0,2021,447547.478500792,Concorrência,0,1,0,0,0,0,0,0,0,0,0,0,0,0,0,0,0,0,0,1,0,0,0,0,0,2,Bens Duráveis,Demais Ind.,105.0,135148.47,0.605981137026239,54
35,36,12839,Renovação,2021-06-17,De 301 a 500 milhões,2021-06-29,6,3,2.0,2021,156576.376241599,Sem Concorrência,0,1,0,0,0,0,1,0,0,0,0,0,0,0,0,0,0,0,0,0,0,0,0,0,0,2,Bens Não Duráveis,Comércio de Alimentos e Bebidas,40.0,50407.72,0.579935666666667,825
36,37,11614,Novo,2020-10-07,De 1 a 5 bilhões,2021-06-30,1,0,0.0,2021,651096.770971476,Concorrência,0,1,0,0,0,0,0,0,0,0,0,1,0,0,0,0,0,0,0,0,0,0,0,0,0,2,Bens Duráveis,Demais Ind.,134.0,220901.91,0.557310801603206,843
37,38,12387,Novo,2021-04-07,"De 60,1 a 300 milhoes",2021-06-30,1,0,0.0,2021,550626.927032329,Sem Concorrência,0,1,0,0,0,0,0,0,0,1,0,0,0,0,0,0,0,0,0,0,0,0,0,0,0,2,"Saúde, Educação e Serviços Públicos",Ensino/Educação,125.0,170395.19,0.596219928909953,755
38,39,12624,Novo,2021-05-11,"De 15,1 a 60 milhões",2021-06-30,1,0,0.0,2021,519311.649546272,Sem Concorrência,1,1,0,0,0,0,0,0,0,1,0,0,0,0,0,0,0,0,0,0,0,0,0,0,0,2,Serviços,Servicos Especializados,89.0,153214.1,0.615039949748744,687
39,40,12656,Renovação,2021-05-18,De 301 a 500 milhões,2021-06-30,14,5,3.33,2021,1634667.16522414,Concorrência,0,1,0,0,0,0,0,0,0,1,0,0,0,0,0,0,0,0,0,0,0,0,0,0,0,1,"Saúde, Educação e Serviços Públicos",Associações Fed. Fundações e Entidades De Classe,312.0,534492.88,0.573363920634255,334
40,41,12728,Novo,2021-05-28,De 1 a 5 bilhões,2021-06-30,1,0,0.0,2021,228340.547287079,Concorrência,0,1,0,0,0,0,0,0,0,0,0,0,1,0,0,0,0,0,0,0,0,0,0,0,0,2,Bens Duráveis,Ind. Farmacêutica,102.0,131218.06,0.250182514285714,551
41,42,12861,Renovação,2021-06-21,"De 60,1 a 300 milhoes",2021-06-30,3,2,4.27,2021,290905.861025515,Sem Concorrência,0,1,0,0,0,0,0,0,0,0,0,0,0,0,0,0,0,0,0,1,0,0,0,0,0,2,Bens Duráveis,Demais Ind.,53.0,98888.64,0.556453734021081,195
42,43,12904,Renovação,2021-06-29,De 1 a 5 bilhões,2021-06-30,14,11,2.6,2021,559434.359314677,Sem Concorrência,0,1,0,0,0,1,0,0,0,0,0,0,0,0,0,0,0,0,0,0,0,0,0,0,0,1,Infraestrutura e Indústria de Base,Siderurgia e Mineração,118.0,153213.01,0.642651880054767,574
43,44,11932,Renovação,2021-01-08,Acima de 5 bilhões,2021-07-01,10,4,2.43,2021,1573686.6499467,RFP,0,1,0,0,0,0,0,0,0,0,0,0,0,0,0,0,0,0,0,1,0,0,0,0,0,1,Serviços,Energia,315.0,481733.48,0.604374426148729,284
44,45,12834,Renovação,2021-06-16,De 1 a 5 bilhões,2021-07-01,5,1,1.93,2021,443292.014069493,RFP,0,1,0,0,0,0,0,0,0,0,0,1,0,0,0,0,0,0,0,0,0,0,0,0,0,0,Serviços,Energia,92.0,194764.39,0.432173790087464,170
45,46,12810,Renovação,2021-06-10,Acima de 5 bilhões,2021-07-02,2,1,3.37,2021,624815.572252406,Sem Concorrência,0,1,0,0,0,0,0,0,0,0,0,0,0,0,0,0,0,0,0,1,0,0,0,0,0,2,Bens Não Duráveis,Comércio de Alimentos e Bebidas,117.0,261227.17,0.459666008211726,147
46,47,12473,Recuperação,2021-04-18,De 1 a 5 bilhões,2021-07-06,4,0,8.3,2021,554115.017586866,Sem Concorrência,0,1,0,0,0,0,0,0,0,0,0,0,0,0,0,0,0,1,0,0,0,0,0,0,0,0,Bens Não Duráveis,Ind de Alimentos e Bebidas,102.0,198013.45,0.538161049562682,349
47,48,12771,Novo,2021-06-07,"De 15,1 a 60 milhões",2021-07-06,1,0,0.0,2021,753467.182131435,Concorrência,0,1,0,0,0,0,0,0,0,1,0,0,0,0,0,0,0,0,0,0,0,0,0,0,0,0,Serviços,Tecnologia,75.0,251470.2,0.568661749571184,463
48,49,10176,Recuperação,2019-11-06,"De 60,1 a 300 milhoes",2021-07-07,8,2,6.7,2021,330252.550481772,Concorrência,0,2,0,0,0,1,0,0,0,0,0,1,0,0,0,0,0,0,0,0,0,0,0,0,0,1,Infraestrutura e Indústria de Base,Siderurgia e Mineração,222.0,104883.37,0.58955379889252,692
49,50,11554,Novo,2020-09-25,De 301 a 500 milhões,2021-07-07,2,1,12.1,2021,977051.78271981,Concorrência,0,2,0,0,0,0,0,0,0,0,0,1,0,0,0,0,0,0,0,0,0,0,0,0,0,2,Serviços,Transporte e Logística,146.0,279697.31,0.630030013227513,791
50,51,11768,Renovação,2020-11-17,Acima de 5 bilhões,2021-07-07,29,13,5.83,2021,17790628.6482266,Concorrência,0,1,0,0,0,0,0,0,0,0,0,1,0,0,0,0,0,0,0,0,0,0,0,0,0,0,Bens Não Duráveis,Ind de Alimentos e Bebidas,4316.0,6042709.03,0.623582068218312,144
51,52,12190,Renovação,2021-03-01,Acima de 5 bilhões,2021-07-07,22,16,2.27,2021,185074.415874013,Concorrência,0,1,0,0,0,0,0,0,0,0,0,0,0,0,0,0,0,0,0,1,0,0,0,0,0,1,Bens Não Duráveis,Ind de Alimentos e Bebidas,14.0,82538.99,0.423620467519771,122
52,53,12616,Recuperação,2021-05-10,"De 60,1 a 300 milhoes",2021-07-07,2,0,0.27,2021,344659.54093903,Concorrência,0,1,0,0,0,0,0,1,0,0,0,0,0,0,0,0,0,0,0,0,0,0,0,0,0,2,"Saúde, Educação e Serviços Públicos",Associações Fed. Fundações e Entidades De Classe,109.0,138916.63,0.4790935663195,731
53,54,11598,Novo,2020-10-05,"De 60,1 a 300 milhoes",2021-07-08,1,0,0.0,2021,443292.014069493,Sem Concorrência,0,2,0,0,0,1,0,0,0,0,0,1,0,0,0,0,0,0,0,0,0,0,0,0,0,2,"Saúde, Educação e Serviços Públicos",Associações Fed. Fundações e Entidades De Classe,96.0,138169.9,0.59717191564645,710
54,55,12789,Novo,2021-06-08,"De 60,1 a 300 milhoes",2021-07-08,1,0,0.0,2021,587361.918642078,Sem Concorrência,0,1,0,0,0,1,0,0,0,0,0,0,0,0,0,0,0,0,0,0,0,0,0,0,0,0,Serviços,Energia,151.5,195830.57,0.569105957423401,470
55,56,12914,Renovação,2021-06-30,"De 60,1 a 300 milhoes",2021-07-08,8,5,5.23,2021,33473.0686407902,Concorrência,0,1,0,0,0,0,0,0,0,0,0,0,0,0,0,0,0,0,1,0,0,0,0,0,0,0,Bens Não Duráveis,Ind de Alimentos e Bebidas,1.0,17351.12,0.330072586872587,282
56,57,11978,Recuperação,2021-01-20,Acima de 5 bilhões,2021-07-09,2,0,8.47,2021,1489461.1672735,Concorrência,0,1,0,0,0,0,0,0,0,0,0,0,0,1,0,0,0,0,0,0,0,0,0,0,0,0,"Saúde, Educação e Serviços Públicos",Serviços Médicos,369.0,598931.47,0.480310747258087,185
57,58,12817,Novo,2021-06-11,De 1 a 5 bilhões,2021-07-09,1,0,0.0,2021,1224355.74209261,Sem Concorrência,0,1,0,0,0,0,0,0,0,0,0,0,0,0,0,0,0,1,0,0,0,0,0,0,0,2,"Saúde, Educação e Serviços Públicos",Serviços Médicos,239.0,368076.51,0.611468470570104,592
58,59,12859,Novo,2021-06-21,De 1 a 5 bilhões,2021-07-09,4,3,0.57,2021,1172904.1235664,Concorrência,0,1,0,0,0,0,0,0,0,0,0,1,0,0,0,0,0,0,0,0,0,0,0,0,0,2,Bens Não Duráveis,Demais Comercios,109.0,139257.18,0.548085638564581,345
59,60,12959,Renovação,2021-07-08,Acima de 5 bilhões,2021-07-09,31,22,7.57,2021,797119.953171816,Sem Concorrência,0,1,0,0,0,1,0,0,0,0,0,0,0,0,0,0,0,0,0,0,0,0,0,0,0,1,Internacional & Outros,Servicos Especializados,103.0,433178.96,0.397754463218354,514
60,61,10469,Novo,2020-01-30,De 1 a 5 bilhões,2021-07-13,2,0,39.8,2021,4100451.13014281,Publico,0,1,0,0,0,1,0,0,0,0,0,0,0,0,0,0,0,0,0,0,0,0,0,0,0,0,Infraestrutura e Indústria de Base,Saneamento e Infra,656.0,1240865.51,0.608899059175794,204
61,62,12330,Novo,2021-03-25,De 1 a 5 bilhões,2021-07-13,3,0,0.7,2021,1277453.60308916,Concorrência,0,2,0,0,0,1,0,0,0,0,0,0,0,1,0,0,0,0,0,0,0,0,0,0,0,2,Serviços,Serviços Financeiros,236.0,402590.49,0.592700232703563,633
62,63,12693,Renovação,2021-05-25,Acima de 5 bilhões,2021-07-13,30,13,0.2,2021,346876.001009378,Concorrência,0,1,0,0,0,0,0,0,0,0,0,1,0,0,0,0,0,0,0,0,0,0,0,0,0,0,Internacional & Outros,Ind de Alimentos e Bebidas,74.0,93783.75,0.650578898834751,144
63,64,12846,Novo,2021-06-17,De 301 a 500 milhões,2021-07-13,2,0,1.63,2021,417444.077856514,Sem Concorrência,0,1,0,0,0,0,0,0,0,1,0,0,0,0,0,0,0,0,0,0,0,0,0,0,0,2,Serviços,Serviços Financeiros,62.0,116800.35,0.638389009287926,577
64,65,12481,Novo,2021-04-19,De 1 a 5 bilhões,2021-07-15,1,0,0.0,2021,1483752.65219771,Concorrência,0,1,0,0,0,0,0,0,0,0,0,0,0,0,0,0,1,0,0,0,0,0,0,0,0,2,Bens Não Duráveis,Agronegócio,297.0,469841.68,0.590752702595589,30
65,66,12670,Renovação,2021-05-20,De 501 a 1 bilhão,2021-07-15,9,5,3.83,2021,66050.5100963544,Sem Concorrência,0,2,0,0,0,0,0,0,0,0,0,0,0,0,0,0,0,0,1,0,0,0,0,0,0,1,Infraestrutura e Indústria de Base,Incorporação e Construção,9.0,30984.47,0.393733343768955,340
66,67,12763,Novo,2021-06-02,De 301 a 500 milhões,2021-07-15,1,0,0.0,2021,1189004.82198641,Concorrência,0,5,1,0,0,1,0,0,1,0,0,0,0,0,0,0,0,0,0,0,0,0,0,0,0,2,Bens Não Duráveis,Agronegócio,286.0,432941.27,0.529411663043478,378
67,68,12379,Renovação,2021-04-06,"De 60,1 a 300 milhoes",2021-07-16,8,4,0.83,2021,864545.100721499,Sem Concorrência,0,2,0,0,0,1,0,0,0,0,0,0,0,0,0,0,0,0,0,0,0,0,0,0,1,1,Serviços,Servicos Especializados,59.0,386580.64,0.422105934692249,515
68,69,12805,Novo,2021-06-10,"De 60,1 a 300 milhoes",2021-07-16,1,0,0.0,2021,88658.4028138985,Sem Concorrência,0,1,0,0,0,0,0,0,0,0,0,0,0,0,0,0,0,1,0,0,0,0,0,0,0,0,Infraestrutura e Indústria de Base,Incorporação e Construção,35.0,60550.88,0.117334110787172,837
69,70,12840,Renovação,2021-06-17,De 1 a 5 bilhões,2021-07-16,3,1,6.9,2021,2145378.26238522,Sem Concorrência,0,2,0,0,0,0,0,0,0,0,0,0,0,0,0,0,0,0,0,0,0,1,0,0,0,2,Bens Duráveis,Demais Ind.,372.0,828615.09,0.500834286139552,691
70,71,12040,Renovação,2021-02-01,De 1 a 5 bilhões,2021-07-20,4,2,0.13,2021,1114045.81583462,Sem Concorrência,0,1,0,0,0,0,0,0,0,0,0,0,1,0,0,0,0,0,0,0,0,0,0,0,0,2,Bens Duráveis,Demais Ind.,232.0,324814.43,0.623185116009281,691
71,72,12163,Novo,2021-02-23,De 501 a 1 bilhão,2021-07-20,1,0,0.0,2021,460093.169283239,Concorrência,0,2,0,0,0,0,0,0,0,0,0,0,0,0,0,0,0,0,1,0,0,0,0,0,0,2,Bens Duráveis,Demais Comercios,679.0,220552.28,0.380471123595506,542
72,73,12702,Recuperação,2021-05-25,De 1 a 5 bilhões,2021-07-20,12,5,5.37,2021,465456.614772967,Concorrência,0,1,0,0,1,0,0,0,0,0,0,0,0,0,0,0,0,0,0,0,0,0,0,0,0,1,Bens Duráveis,Demais Ind.,179.0,184561.73,0.48754205192281,384
73,74,12621,Recuperação,2021-05-11,De 1 a 5 bilhões,2021-07-21,2,0,23.27,2021,529882.581543061,Sem Concorrência,0,1,0,0,0,0,0,0,0,0,0,0,0,0,0,0,0,0,0,1,0,0,0,0,0,2,Bens Duráveis,Demais Comercios,142.0,209615.84,0.488741853658537,516
74,75,11944,Renovação,2021-01-14,"De 15,1 a 60 milhões",2021-07-22,2,1,17.93,2021,924140.990953193,Sem Concorrência,0,1,0,0,0,0,0,0,0,0,0,1,0,0,0,0,0,0,0,0,0,0,0,0,0,2,Serviços,Telecomunicacoes e Midia,122.0,196989.18,0.724513751952039,778
75,76,12283,Recuperação,2021-03-17,Acima de 5 bilhões,2021-07-22,3,1,2.4,2021,664938.021104239,Concorrência,0,2,0,0,0,0,0,0,0,0,0,0,1,0,0,0,0,0,1,0,0,0,0,0,0,2,Bens Não Duráveis,Ind de Alimentos e Bebidas,197.0,256766.0,0.500940719144801,535
76,77,12090,Novo,2021-02-09,De 1 a 5 bilhões,2021-07-26,1,0,0.0,2021,887692.258174159,Publico,0,1,0,0,0,0,0,1,0,0,0,0,0,0,0,0,0,0,0,0,0,0,0,0,0,2,"Saúde, Educação e Serviços Públicos",Administracao Publica,168.0,356151.13,0.48147740979752,579
77,78,12564,Novo,2021-05-03,De 501 a 1 bilhão,2021-07-26,1,0,0.0,2021,543032.717235128,RFP,0,1,0,0,0,0,0,0,0,0,0,1,0,0,0,0,0,0,0,0,0,0,0,0,0,2,"Saúde, Educação e Serviços Públicos",Serviços Médicos,121.0,194546.96,0.536985874933064,338
78,79,12743,Novo,2021-05-31,De 301 a 500 milhões,2021-07-26,4,2,3.93,2021,796817.395289913,Publico,0,3,0,0,0,0,0,0,0,0,0,1,0,0,0,0,0,0,1,0,0,0,0,0,0,2,"Saúde, Educação e Serviços Públicos",Administracao Publica,292.0,305624.27,0.5042932644546,720
79,80,12872,Recuperação,2021-06-22,De 1 a 5 bilhões,2021-07-26,2,0,21.47,2021,485941.105496217,Concorrência,0,1,0,0,0,0,0,0,0,0,0,1,0,0,0,0,0,0,0,0,0,0,0,0,0,2,Infraestrutura e Indústria de Base,Siderurgia e Mineração,78.0,170800.27,0.545743962765957,534
80,81,12688,Novo,2021-05-24,De 301 a 500 milhões,2021-07-27,2,0,4.0,2021,586748.025696394,Sem Concorrência,0,1,0,0,0,0,0,0,0,1,0,0,0,0,0,0,0,0,0,0,0,0,0,0,0,2,Serviços,Servicos Especializados,133.0,173244.57,0.618404030837004,548
81,82,12760,Renovação,2021-06-01,Acima de 5 bilhões,2021-07-27,20,6,0.97,2021,1329876.04220848,RFP,0,1,0,0,0,0,0,0,0,0,0,1,0,0,0,0,0,0,0,0,0,0,0,0,0,0,Serviços,Energia,403.0,540288.63,0.474938163265306,266
82,83,12961,Novo,2021-07-09,De 501 a 1 bilhão,2021-07-27,1,0,0.0,2021,2798280.83881367,Concorrência,0,1,0,0,0,0,0,0,0,0,0,0,0,0,0,0,0,1,0,0,0,0,0,0,0,2,"Saúde, Educação e Serviços Públicos",Administracao Publica,582.0,809395.4,0.626177686689952,245
83,84,12381,Novo,2021-04-06,De 501 a 1 bilhão,2021-07-28,1,0,0.0,2021,1318793.74185674,Publico,0,1,0,0,0,0,0,0,0,0,0,0,0,0,0,0,0,0,0,1,0,0,0,0,0,0,"Saúde, Educação e Serviços Públicos",Administracao Publica,301.0,449623.22,0.559376514687508,281
84,85,12402,Novo,2021-04-08,"De 60,1 a 300 milhoes",2021-07-28,1,0,0.0,2021,1051710.30337987,Concorrência,0,2,0,0,0,0,1,0,0,1,0,0,0,0,0,0,0,0,0,0,0,0,0,0,0,2,"Saúde, Educação e Serviços Públicos",Serviços Médicos,242.0,405456.7,0.501753633562412,445
85,86,12879,Novo,2021-06-23,Acima de 5 bilhões,2021-07-28,2,0,1.2,2021,337315.499977341,Sem Concorrência,0,1,0,0,0,0,0,0,0,0,0,0,0,0,0,0,0,0,0,1,0,0,0,0,0,2,Bens Duráveis,Demais Ind.,72.0,91775.18,0.648370957854406,585
86,87,12892,Novo,2021-06-25,De 501 a 1 bilhão,2021-07-28,1,0,0.0,2021,2427023.77703047,Sem Concorrência,0,6,0,0,0,1,0,0,0,0,0,0,0,0,0,0,1,0,1,1,0,0,0,0,0,2,Serviços,Energia,595.0,915048.96,0.512734022924238,205
87,88,12083,Recuperação,2021-02-08,De 501 a 1 bilhão,2021-07-29,2,0,8.83,2021,2714032.73716545,Concorrência,0,3,0,0,0,1,0,0,1,0,0,0,0,0,0,0,0,0,0,0,0,0,0,0,0,2,Bens Não Duráveis,Ind de Alimentos e Bebidas,752.0,1152915.37,0.450992680952381,705
88,89,12401,Novo,2021-04-08,De 1 a 5 bilhões,2021-07-29,1,0,0.0,2021,11954338.4617018,RFP,0,2,0,0,0,0,0,0,0,0,0,1,0,0,0,0,0,0,0,0,0,0,0,0,0,2,"Saúde, Educação e Serviços Públicos",Serviços Médicos,1940.0,5524286.73,0.402763348611232,156
89,90,12322,Recuperação,2021-03-24,Até 15 milhões de faturamento,2021-07-30,2,0,4.1,2021,849970.324236915,Sem Concorrência,0,1,0,0,0,1,0,0,0,0,0,0,0,0,0,0,0,0,0,0,0,0,0,0,0,2,Internacional & Outros,Agronegócio,278.0,315600.2,0.520123711907031,102
90,91,12349,Recuperação,2021-03-29,De 501 a 1 bilhão,2021-07-30,2,0,2.6,2021,187512.521951395,Sem Concorrência,0,1,0,0,0,0,0,0,0,1,0,0,0,0,0,0,0,0,0,0,0,0,0,0,0,0,Internacional & Outros,Servicos Especializados,42.0,62521.12,0.630489834515366,200
91,92,12626,Novo,2021-05-11,"De 60,1 a 300 milhoes",2021-07-30,2,1,21.13,2021,295958.372043321,Sem Concorrência,0,1,0,0,0,0,0,0,0,1,0,0,0,0,0,0,0,0,0,0,0,0,0,0,0,2,Bens Não Duráveis,Agronegócio,78.0,112848.51,0.507211015073123,451
92,93,12705,Renovação,2021-05-26,De 1 a 5 bilhões,2021-07-30,4,2,5.4,2021,2438106.07738221,Sem Concorrência,0,4,0,0,0,0,0,0,0,0,0,0,1,0,0,0,0,0,1,0,1,0,0,0,0,1,Bens Não Duráveis,Agronegócio,675.0,884261.06,0.531268984892658,194
93,94,12856,Novo,2021-06-21,De 501 a 1 bilhão,2021-07-30,3,1,6.63,2021,1883991.05979534,Sem Concorrência,0,1,0,0,0,1,0,0,0,0,0,0,0,0,0,0,0,0,0,0,0,0,0,0,0,0,Serviços,Energia,445.0,696029.72,0.52253149031041,178
94,95,12947,Renovação,2021-07-06,De 301 a 500 milhões,2021-07-30,3,2,4.03,2021,1537669.17380355,Sem Concorrência,0,3,0,0,0,0,0,0,0,0,0,0,1,0,0,0,0,0,0,0,1,0,0,0,0,0,Bens Duráveis,Demais Comercios,379.0,782275.41,0.324241088435374,304
95,96,12977,Novo,2021-07-14,Até 15 milhões de faturamento,2021-07-30,1,0,0.0,2021,115255.923658068,Sem Concorrência,0,1,0,0,0,0,0,0,0,0,0,0,0,0,0,0,0,0,0,1,0,0,0,0,0,2,Serviços,Energia,29.0,46982.83,0.473168535546087,167
96,97,10387,Novo,2020-01-13,De 501 a 1 bilhão,2021-08-02,1,0,0.0,2021,758083.491461101,Sem Concorrência,0,1,0,0,0,0,0,0,0,0,0,0,0,0,0,0,1,0,0,0,0,0,0,0,0,2,Serviços,Serviços Financeiros,4397.0,289097.63,0.511391169138463,81
97,98,12791,Novo,2021-06-08,Acima de 5 bilhões,2021-08-02,1,0,0.0,2021,239593.715749526,Sem Concorrência,0,1,0,0,0,0,0,0,0,0,0,1,0,0,0,0,0,0,0,0,0,0,0,0,0,2,Serviços,Tecnologia,5.0,123949.59,0.337167967914439,796
98,99,10481,Novo,2020-02-04,"De 15,1 a 60 milhões",2021-08-03,3,0,3.63,2021,4724288.42504744,Publico,0,5,0,0,0,0,0,0,0,1,0,1,0,0,0,0,0,0,0,0,0,0,0,0,0,0,"Saúde, Educação e Serviços Públicos",Administracao Publica,1252.0,2281204.23,0.358810380720387,716
99,100,12183,Renovação,2021-03-01,De 301 a 500 milhões,2021-08-04,5,2,5.2,2021,541968.676166983,Concorrência,0,1,0,0,0,0,0,0,0,0,0,0,0,0,0,0,0,0,0,0,0,0,1,0,0,2,Bens Não Duráveis,Ind de Alimentos e Bebidas,74.0,191570.59,0.547114444444444,708
100,101,11585,Recuperação,2020-10-01,Acima de 5 bilhões,2021-08-06,2,0,9.0,2021,1643612.90322581,Concorrência,0,1,0,0,0,0,0,0,0,0,0,0,0,0,0,0,0,0,0,1,0,0,0,0,0,2,"Saúde, Educação e Serviços Públicos",Administracao Publica,290.0,603848.2,0.529280647323865,562
101,102,12625,Renovação,2021-05-11,"De 15,1 a 60 milhões",2021-08-06,6,3,2.9,2021,225580.685237192,Sem Concorrência,0,1,0,0,0,1,0,0,0,0,0,0,0,0,0,0,0,0,0,0,0,0,0,0,0,1,Bens Não Duráveis,Agronegócio,16.0,64915.12,0.631296070156705,190
102,103,12828,Renovação,2021-06-14,De 1 a 5 bilhões,2021-08-06,5,3,2.67,2021,1431569.25996205,Concorrência,0,1,0,0,0,1,0,0,0,0,0,0,0,0,0,0,0,0,0,0,0,0,0,0,0,2,Serviços,Serviços Financeiros,296.0,383532.12,0.656740001208246,759
103,104,12884,Renovação,2021-06-24,Acima de 5 bilhões,2021-08-06,4,2,1.43,2021,2307210.62618596,Sem Concorrência,0,1,0,0,0,0,0,0,0,0,0,1,0,0,0,0,0,0,0,0,0,0,0,0,0,2,Bens Duráveis,Demais Ind.,478.0,1131809.1,0.461043285714286,188
104,105,12946,Renovação,2021-07-06,"De 60,1 a 300 milhoes",2021-08-09,4,3,5.57,2021,261374.959639469,Sem Concorrência,0,1,0,0,0,0,1,0,0,0,0,0,0,0,0,0,0,0,0,0,0,0,0,0,0,2,Infraestrutura e Indústria de Base,Saneamento e Infra,24.0,115207.54,0.435257156862745,426
105,106,12544,Renovação,2021-04-28,De 501 a 1 bilhão,2021-08-10,4,1,2.13,2021,64821.6318785579,Concorrência,0,1,0,0,0,0,0,0,0,1,0,0,0,0,0,0,0,0,0,0,0,0,0,0,0,0,Serviços,Serviços Financeiros,25.5,20886.64,0.587159361565449,264
106,107,12973,Renovação,2021-07-14,De 1 a 5 bilhões,2021-08-10,8,3,2.53,2021,781562.391916509,Sem Concorrência,0,1,0,0,0,1,0,0,0,0,0,0,0,0,0,0,0,0,0,0,0,0,0,0,0,1,Bens Não Duráveis,Agronegócio,183.0,229972.33,0.622996180327869,95
107,108,12987,Renovação,2021-07-16,De 1 a 5 bilhões,2021-08-10,8,5,6.67,2021,535562.431195446,Sem Concorrência,0,1,0,0,0,0,0,0,0,0,0,0,0,0,0,0,1,0,0,0,0,0,0,0,0,1,Infraestrutura e Indústria de Base,Petróleo e Gás,118.0,159185.78,0.619172775119617,601
108,109,12086,Recuperação,2021-02-08,De 501 a 1 bilhão,2021-08-11,2,0,14.9,2021,1691844.59203036,Sem Concorrência,0,1,0,0,0,0,0,0,0,0,0,0,0,0,0,0,1,0,0,0,0,0,0,0,0,2,Internacional & Outros,Siderurgia e Mineração,388.0,706360.03,0.54129486979674,76
109,110,12772,Novo,2021-06-07,De 301 a 500 milhões,2021-08-11,1,0,0.0,2021,1665624.78028463,Sem Concorrência,0,1,0,0,0,0,0,0,0,0,0,0,0,0,0,0,0,0,0,1,0,0,0,0,0,0,Serviços,Serviços Financeiros,639.0,800434.2,0.384281384615385,373
110,111,12878,Recuperação,2021-06-23,De 1 a 5 bilhões,2021-08-11,4,0,6.8,2021,988804.554079697,RFP,0,1,0,0,0,0,0,0,0,0,0,1,0,0,0,0,0,0,0,0,0,0,0,0,0,2,Bens Duráveis,Demais Comercios,96.0,435563.23,0.435616158082281,256
111,112,13164,Renovação,2021-08-09,De 1 a 5 bilhões,2021-08-11,2,1,6.73,2021,131840.607210626,Sem Concorrência,0,1,0,0,0,0,0,0,0,0,0,0,0,0,0,0,0,0,0,1,0,0,0,0,0,2,"Saúde, Educação e Serviços Públicos",Ensino/Educação,15.0,41356.67,0.598088726919339,272
112,113,13204,Novo,2021-08-12,De 1 a 5 bilhões,2021-08-12,2,0,2.63,2021,1329937.73055028,Concorrência,0,2,1,0,0,0,0,0,0,0,0,0,0,0,0,0,1,0,0,0,0,0,0,0,0,0,Bens Não Duráveis,Comércio de Alimentos e Bebidas,362.0,465626.46,0.551419595375723,729
113,114,10224,Novo,2019-11-19,Acima de 5 bilhões,2021-08-13,1,0,0.0,2021,3515749.5256167,Sem Concorrência,0,2,0,0,0,0,0,0,0,0,0,1,0,0,0,0,1,0,0,0,0,0,0,0,0,2,Bens Não Duráveis,Comércio de Alimentos e Bebidas,815.0,1079400.71,0.606632394314869,770
114,115,11851,Renovação,2020-12-07,Acima de 5 bilhões,2021-08-13,31,13,1.03,2021,764675.521821632,Concorrência,0,1,0,0,0,1,0,0,0,0,0,0,0,0,0,0,0,0,0,0,0,0,0,0,0,0,Bens Não Duráveis,Ind de Alimentos e Bebidas,136.0,240795.0,0.596536644214336,144
115,116,12413,Novo,2021-04-12,De 501 a 1 bilhão,2021-08-13,1,0,0.0,2021,684187.402428843,Sem Concorrência,0,1,0,0,0,0,1,0,0,0,0,0,0,0,0,0,0,0,0,0,0,0,0,0,0,2,Bens Não Duráveis,Comércio de Alimentos e Bebidas,126.0,184476.96,0.654537528089888,1
116,117,12613,Recuperação,2021-05-10,Acima de 5 bilhões,2021-08-13,2,0,12.7,2021,461249.93459203,Concorrência,0,1,0,0,0,0,0,0,0,0,0,1,0,0,0,0,0,0,0,0,0,0,0,0,0,2,Infraestrutura e Indústria de Base,Químico Petroquímico e Embalagens,52.0,165128.87,0.541308694444444,89
117,118,12697,Renovação,2021-05-25,De 1 a 5 bilhões,2021-08-13,6,2,8.53,2021,1210736.24288425,RFP,0,1,0,0,0,0,0,0,0,0,0,1,0,0,0,0,0,0,0,0,0,0,0,0,0,1,Bens Não Duráveis,Agronegócio,147.0,431954.24,0.542888636087051,669
118,119,13081,Recuperação,2021-07-28,"De 60,1 a 300 milhoes",2021-08-13,4,3,24.83,2021,1346751.80265655,Concorrência,0,1,0,0,0,0,0,0,0,0,0,0,0,0,0,0,1,0,0,0,0,0,0,0,0,2,Serviços,Serviços Financeiros,281.0,544247.51,0.482223059421657,324
119,120,12997,Renovação,2021-07-19,"De 60,1 a 300 milhoes",2021-08-16,6,2,0.9,2021,195563.567362429,Sem Concorrência,0,1,0,0,0,1,0,0,0,0,0,0,0,0,0,0,0,0,0,0,0,0,0,0,0,1,Infraestrutura e Indústria de Base,Incorporação e Construção,29.0,61546.78,0.596771513741933,280
120,121,12638,Novo,2021-05-12,De 1 a 5 bilhões,2021-08-17,1,0,0.0,2021,2697030.89089184,Concorrência,0,1,0,0,0,0,0,0,0,1,0,0,0,0,0,0,0,0,0,0,0,0,0,0,0,2,Infraestrutura e Indústria de Base,Petróleo e Gás,432.0,925436.31,0.560362798099762,36
121,122,12658,Novo,2021-05-18,"De 15,1 a 60 milhões",2021-08-17,2,0,38.17,2021,1477921.67077799,RFP,0,1,0,0,0,0,0,0,0,0,0,1,0,0,0,0,0,0,0,0,0,0,0,0,0,2,Serviços,Energia,304.0,537868.66,0.533707273515388,764
122,123,12826,Novo,2021-06-14,De 501 a 1 bilhão,2021-08-17,2,0,23.3,2021,640624.914648956,Concorrência,0,1,0,0,0,0,0,0,0,0,0,0,0,0,0,0,1,0,0,0,0,0,0,0,0,0,Bens Duráveis,Demais Ind.,142.0,194080.47,0.61183906,392
123,124,12291,Renovação,2021-03-18,"De 60,1 a 300 milhoes",2021-10-17,9,6,0.0,2021,904257.291256474,Sem Concorrência,0,1,0,0,0,0,0,0,0,1,0,0,0,0,0,0,0,0,0,0,0,0,0,0,0,1,Infraestrutura e Indústria de Base,Químico Petroquímico e Embalagens,136.0,328270.84,0.545880027252385,90
124,125,13474,Renovação,2021-09-17,Acima de 5 bilhões,2021-10-27,13,4,1.47,2021,421557.669589317,Concorrência,0,1,0,0,0,0,0,0,0,0,0,0,0,0,0,0,0,0,0,1,0,0,0,0,0,1,Serviços,Energia,78.0,127844.63,0.62063626584767,284
125,126,13761,Recuperação,2021-10-21,De 1 a 5 bilhões,2021-11-19,4,2,11.23,2021,1051944.96427566,Concorrência,0,1,0,0,0,0,0,0,0,0,0,0,0,0,0,0,0,1,0,0,0,0,0,0,0,2,"Saúde, Educação e Serviços Públicos",Ensino/Educação,238.0,593598.28,0.30076475542598,723
126,127,12936,Recuperação,2021-07-03,De 1 a 5 bilhões,2021-12-14,2,0,14.93,2021,1494656.24976887,Sem Concorrência,0,2,0,0,0,0,0,0,0,1,0,0,0,0,0,0,0,0,1,0,0,0,0,0,0,2,Serviços,Serviços Financeiros,286.0,470371.81,0.61286270781893,379
127,128,13969,Renovação,2021-11-19,Acima de 5 bilhões,2021-12-16,14,10,5.37,2021,3922008.72870112,Concorrência,0,1,0,0,0,0,0,0,0,0,0,0,0,0,0,0,0,0,1,0,0,0,0,0,0,0,Bens Não Duráveis,Ind de Alimentos e Bebidas,1282.0,2070371.47,0.44314914739107,145
128,129,14138,Recuperação,2021-12-07,De 1 a 5 bilhões,2021-12-20,2,1,28.7,2021,105487.055640159,Concorrência,0,1,0,0,0,0,0,0,0,0,0,0,0,0,0,0,0,0,0,1,0,0,0,0,0,2,"Saúde, Educação e Serviços Públicos",Ensino/Educação,31.0,42529.81,0.504025539358601,800
129,130,13719,Renovação,2021-10-16,"De 15,1 a 60 milhões",2021-12-22,2,1,9.3,2021,659370.987265851,Concorrência,0,1,0,0,0,0,0,0,0,0,0,0,0,0,0,0,0,0,0,1,0,0,0,0,0,2,Serviços,Outros,154.0,241298.05,0.549817070895522,112
130,131,13374,Recuperação,2021-09-01,De 301 a 500 milhões,2021-12-23,1,0,0.0,2021,1218375.49264384,Concorrência,0,1,0,0,0,0,0,0,0,0,0,0,0,0,0,0,0,0,1,0,0,0,0,0,0,2,Serviços,Serviços Financeiros,358.0,595406.51,0.39882977042394,136
131,132,13665,Renovação,2021-10-07,De 501 a 1 bilhão,2021-12-31,10,5,2.87,2021,516671.29465363,Concorrência,0,1,0,0,0,0,0,0,0,0,0,0,0,0,0,0,0,1,0,0,0,0,0,0,0,1,Bens Duráveis,Demais Ind.,162.0,198365.05,0.527702261904762,701
132,133,13829,Renovação,2021-10-29,De 501 a 1 bilhão,2022-01-06,20,4,0.47,2022,322105.795624637,Sem Concorrência,0,1,0,0,0,0,0,0,0,0,0,0,0,0,0,0,0,1,0,0,0,0,0,0,0,0,Serviços,Serviços Financeiros,54.0,103538.25,0.606696042772623,765
133,134,12172,Novo,2021-02-25,"De 60,1 a 300 milhoes",2022-01-11,1,0,0.0,2022,407446.194336748,Concorrência,0,1,0,0,0,0,0,0,0,0,0,0,0,0,0,0,0,0,0,1,0,0,0,0,0,2,Bens Duráveis,Demais Ind.,117.0,179104.71,0.462148018018018,116
134,135,14236,Recuperação,2021-12-22,"De 15,1 a 60 milhões",2022-01-11,2,1,25.63,2022,413564.011616115,Sem Concorrência,0,1,0,0,0,0,0,0,0,0,0,0,0,0,0,0,0,0,0,1,0,0,0,0,0,2,Serviços,Servicos Especializados,87.0,125529.95,0.628609615384615,557
135,136,14262,Recuperação,2021-12-30,De 1 a 5 bilhões,2022-01-12,11,3,8.67,2022,325253.409262663,RFP,0,1,0,0,0,0,0,0,0,0,0,0,0,0,0,0,0,0,0,0,0,0,0,1,0,0,Serviços,Serviços Financeiros,71.0,98346.6,0.630032540205022,181
136,137,13675,Renovação,2021-10-11,Acima de 5 bilhões,2022-01-17,16,10,0.33,2022,392402.500207213,Sem Concorrência,0,1,0,0,0,1,0,0,0,0,0,0,0,0,0,0,0,0,0,0,0,0,0,0,0,0,Internacional & Outros,Ind de Alimentos e Bebidas,39.0,233420.47,0.375881096256684,145
137,138,14113,Novo,2021-12-03,De 1 a 5 bilhões,2022-01-18,1,0,0.0,2022,123026.724339966,Concorrência,0,2,1,0,0,0,0,0,0,1,0,0,0,0,0,0,0,0,0,0,0,0,0,0,0,2,"Saúde, Educação e Serviços Públicos",Associações Fed. Fundações e Entidades De Classe,32.0,60699.51,0.396313104189044,752
138,139,14229,Novo,2021-12-21,De 301 a 500 milhões,2022-01-20,1,0,0.0,2022,1468886.36441203,Concorrência,0,1,0,0,0,0,0,0,0,0,0,0,0,0,0,0,0,0,0,0,0,0,1,0,0,2,Serviços,Servicos Especializados,296.0,440723.79,0.632883140358184,736
139,140,13900,Renovação,2021-11-10,De 1 a 5 bilhões,2022-01-24,6,3,5.7,2022,104920.454600859,Sem Concorrência,0,1,0,0,0,0,0,0,0,0,0,0,0,0,0,0,0,1,0,0,0,0,0,0,0,2,Bens Não Duráveis,Comércio de Alimentos e Bebidas,26.0,44745.49,0.478186705539359,759
140,141,14071,Novo,2021-12-01,Acima de 5 bilhões,2022-01-24,1,0,0.0,2022,1101205.93517696,Sem Concorrência,0,1,0,0,0,0,0,0,0,0,0,0,0,0,0,0,0,0,0,1,0,0,0,0,0,2,Bens Não Duráveis,Agronegócio,283.0,371634.68,0.587072577777778,295
141,142,14001,Renovação,2021-11-23,Acima de 5 bilhões,2022-01-28,15,4,1.97,2022,178364.77282146,Sem Concorrência,0,1,0,0,0,0,0,0,0,0,0,0,0,0,0,0,0,0,0,1,0,0,0,0,0,1,Serviços,Energia,33.0,63037.32,0.567571119876522,284
142,143,12265,Novo,2021-03-12,Acima de 5 bilhões,2022-01-31,1,0,0.0,2022,3158105.68348586,Publico,0,2,0,0,0,1,0,0,0,0,0,0,0,0,0,0,0,0,0,0,0,0,1,0,0,2,"Saúde, Educação e Serviços Públicos",Administracao Publica,661.0,1367897.05,0.470028166558508,641
143,144,12295,Recuperação,2021-03-18,De 1 a 5 bilhões,2022-01-31,10,4,10.37,2022,936939.659585672,RFP,0,1,0,0,0,0,0,0,0,0,0,0,0,0,0,0,0,0,0,1,0,0,0,0,0,0,Bens Duráveis,Ind. Farmacêutica,255.0,365155.08,0.523139050404996,405
144,145,13740,Novo,2021-10-19,"De 60,1 a 300 milhoes",2022-01-31,4,0,3.4,2022,4023699.43394295,Concorrência,0,6,0,0,0,0,0,0,0,1,0,0,0,0,0,0,0,0,1,0,0,0,0,0,0,2,Infraestrutura e Indústria de Base,Incorporação e Construção,426.0,1707875.98,0.480653949163946,576
145,146,13054,Novo,2021-07-23,De 1 a 5 bilhões,2022-02-02,2,0,22.2,2022,1734429.48324514,Publico,0,7,0,0,0,0,1,0,0,0,0,0,0,0,0,0,0,0,0,0,0,0,0,0,0,2,Infraestrutura e Indústria de Base,Saneamento e Infra,275.0,851175.94,0.405538011338538,219
146,147,13111,Recuperação,2021-07-30,De 501 a 1 bilhão,2022-02-02,3,0,1.43,2022,1316049.25151724,Publico,0,2,1,0,0,0,0,0,0,0,0,0,0,0,0,0,1,0,0,0,0,0,0,0,0,2,"Saúde, Educação e Serviços Públicos",Associações Fed. Fundações e Entidades De Classe,349.0,655959.61,0.396237193986852,711
147,148,12546,Renovação,2021-04-29,De 1 a 5 bilhões,2022-02-04,10,1,2.8,2022,9348416.15126689,RFP,0,4,0,0,0,0,0,0,0,0,0,1,0,0,0,0,0,0,1,0,0,0,0,0,0,1,Infraestrutura e Indústria de Base,Siderurgia e Mineração,1704.0,3711752.25,0.519047319400862,841
148,149,12657,Recuperação,2021-05-18,Até 15 milhões de faturamento,2022-02-07,2,0,15.03,2022,308888.382528511,Concorrência,0,1,0,0,0,1,0,0,0,0,0,0,0,0,0,0,0,0,0,0,0,0,0,0,0,4,"Saúde, Educação e Serviços Públicos",Serviços Médicos,127.0,130303.51,0.489005843137255,517
149,150,13722,Novo,2021-10-18,Até 15 milhões de faturamento,2022-02-07,1,0,0.0,2022,624266.456323489,Concorrência,0,1,0,0,0,0,0,0,0,0,0,0,0,1,0,0,0,0,0,0,0,0,0,0,0,2,"Saúde, Educação e Serviços Públicos",Serviços Médicos,210.0,257706.84,0.499945494147267,98
150,151,13810,Novo,2021-10-27,"De 60,1 a 300 milhoes",2022-02-07,1,0,0.0,2022,402164.707975879,Publico,0,3,0,0,0,0,0,0,1,0,1,0,0,0,0,0,0,0,0,0,0,0,0,0,0,2,"Saúde, Educação e Serviços Públicos",Administracao Publica,125.0,177305.77,0.46595197724168,642
151,152,14092,Renovação,2021-12-02,De 301 a 500 milhões,2022-02-07,2,0,4.13,2022,1574725.10960019,Concorrência,0,1,0,0,0,0,0,0,0,0,0,0,0,0,0,0,0,1,0,0,0,0,0,0,0,2,"Saúde, Educação e Serviços Públicos",Ensino/Educação,336.0,510281.83,0.607475515384615,805
152,153,13177,Renovação,2021-08-10,"De 60,1 a 300 milhoes",2022-02-08,2,1,15.53,2022,353162.387936749,Concorrência,0,1,0,0,0,0,0,0,0,0,0,0,0,0,0,0,1,0,0,0,0,0,0,0,0,2,Serviços,Transporte e Logística,184.0,245313.45,0.158588749785629,612
153,154,14189,Recuperação,2021-12-14,Até 15 milhões de faturamento,2022-02-08,2,0,0.73,2022,220461.516798225,Sem Concorrência,0,1,0,0,0,0,0,0,0,0,0,0,1,0,0,0,0,0,0,0,0,0,0,0,0,2,Bens Duráveis,Demais Comercios,58.0,72554.14,0.601350879120879,658
154,155,13682,Novo,2021-10-13,"De 60,1 a 300 milhoes",2022-02-09,1,0,0.0,2022,921819.853107201,Sem Concorrência,0,1,0,0,0,0,0,0,0,0,0,0,0,0,0,0,0,0,0,1,0,0,0,0,0,2,Serviços,Serviços Financeiros,188.0,282688.4,0.628530354796321,840
155,156,12424,Recuperação,2021-04-13,Acima de 5 bilhões,2022-02-10,3,1,19.47,2022,882905.969841873,Sem Concorrência,0,1,0,0,1,0,0,0,0,0,0,0,0,0,0,0,0,0,0,0,0,0,0,0,0,2,Serviços,Serviços Financeiros,380.0,437470.76,0.39980002057966,77
156,157,13622,Renovação,2021-10-04,De 301 a 500 milhões,2022-02-10,8,4,5.93,2022,382246.349296246,Sem Concorrência,0,1,0,0,1,0,0,0,0,0,0,0,0,0,0,0,0,0,0,0,0,0,0,0,0,2,Bens Não Duráveis,Comércio de Alimentos e Bebidas,142.0,165985.96,0.473995563442768,825
157,158,13634,Novo,2021-10-05,"De 60,1 a 300 milhoes",2022-02-11,1,0,0.0,2022,623227.743417792,Concorrência,0,1,0,0,0,0,0,0,0,0,0,0,0,1,0,0,0,0,0,0,0,0,0,0,0,2,"Saúde, Educação e Serviços Públicos",Serviços Médicos,340.0,291584.05,0.433267152575316,388
158,159,13915,Recuperação,2021-11-11,De 501 a 1 bilhão,2022-02-11,1,0,0.0,2022,2295555.52158887,Concorrência,0,4,0,0,0,0,0,0,1,1,0,0,0,0,0,0,0,0,1,0,0,0,0,0,0,2,"Saúde, Educação e Serviços Públicos",Serviços Médicos,660.0,951963.43,0.497664509320212,675
159,160,14203,Renovação,2021-12-16,De 1 a 5 bilhões,2022-02-11,2,0,3.57,2022,9751.18746757969,Concorrência,0,1,0,0,0,0,0,0,0,0,0,0,0,0,0,0,0,0,1,0,0,0,0,0,0,2,Bens Duráveis,Demais Comercios,1.0,5384.76,0.331085714285714,10
160,161,11934,Recuperação,2021-01-08,"De 60,1 a 300 milhoes",2022-02-14,2,0,28.4,2022,2095595.71502524,Concorrência,0,1,0,0,0,0,0,0,0,0,0,0,0,0,0,0,1,0,0,0,0,0,0,0,0,2,Bens Duráveis,Comércio de Alimentos e Bebidas,480.0,820932.15,0.52547274566474,457
161,162,12913,Novo,2021-06-29,De 1 a 5 bilhões,2022-02-14,1,0,0.0,2022,1226719.94162735,RFP,0,1,0,0,0,0,0,0,0,0,0,0,0,0,0,0,0,0,0,1,0,0,0,0,0,0,Internacional & Outros,Transporte e Logística,142.0,545289.29,0.538281718882303,827
162,163,14215,Renovação,2021-12-20,"De 60,1 a 300 milhoes",2022-02-15,9,6,7.4,2022,133993.964834825,Concorrência,0,1,0,0,0,0,0,0,0,0,0,0,0,0,0,0,0,0,1,0,0,0,0,0,0,0,Bens Não Duráveis,Ind de Alimentos e Bebidas,9.0,81455.38,0.263630257418582,282
163,164,13330,Novo,2021-08-26,De 301 a 500 milhões,2022-02-16,1,0,0.0,2022,89638.2023337796,Concorrência,0,1,0,0,0,0,0,0,0,0,0,0,0,0,0,0,0,0,1,0,0,0,0,0,0,2,Serviços,Transporte e Logística,6.0,46716.62,0.368694324324324,532
164,165,13425,Renovação,2021-09-10,De 1 a 5 bilhões,2022-02-17,11,7,13.13,2022,2745318.20975538,Sem Concorrência,0,1,0,0,0,0,0,0,0,0,0,0,0,0,0,0,0,1,0,0,0,0,0,0,0,0,Bens Duráveis,Demais Comercios,617.0,1119804.82,0.576312970109724,480
165,166,13658,Renovação,2021-10-06,De 1 a 5 bilhões,2022-02-18,7,1,2.9,2022,2247011.59594215,Sem Concorrência,0,1,0,0,0,0,0,0,0,0,0,0,0,0,0,0,0,1,0,0,0,0,0,0,0,0,Bens Não Duráveis,Ind de Alimentos e Bebidas,417.0,882201.73,0.524419552560647,349
166,167,12250,Recuperação,2021-03-10,De 1 a 5 bilhões,2022-02-21,5,3,16.97,2022,372897.933144979,Concorrência,0,1,0,0,0,0,0,0,0,0,0,0,0,0,0,0,1,0,0,0,0,0,0,0,0,2,Serviços,Serviços Financeiros,67.0,125268.02,0.593077564014066,88
167,168,13264,Recuperação,2021-08-18,"De 60,1 a 300 milhoes",2022-02-21,9,4,7.33,2022,1102307.573604,Sem Concorrência,0,2,0,0,0,0,0,0,0,0,0,0,0,0,0,0,0,1,0,0,0,0,0,0,0,1,Serviços,Servicos Especializados,224.0,331350.75,0.635878296703297,515
168,169,14117,Novo,2021-12-03,De 301 a 500 milhões,2022-02-21,1,0,0.0,2022,519356.45284816,Sem Concorrência,0,1,0,0,0,0,0,0,0,1,0,0,0,0,0,0,0,0,0,0,0,0,0,0,0,2,Bens Não Duráveis,Demais Ind.,131.0,204816.05,0.522294927113703,237
169,170,14130,Novo,2021-12-03,Acima de 5 bilhões,2022-02-21,1,0,0.0,2022,150325.782883766,Sem Concorrência,0,1,0,0,0,0,0,0,0,0,0,1,0,0,0,0,0,0,0,0,0,0,0,0,0,0,Serviços,Demais Comercios,23.0,35260.37,0.756359816153783,293
170,171,13921,Novo,2021-11-12,De 1 a 5 bilhões,2022-02-23,1,0,0.0,2022,1313971.82570585,Publico,0,1,0,0,0,0,0,0,0,0,0,0,0,0,0,0,1,0,0,0,0,0,0,0,0,2,"Saúde, Educação e Serviços Públicos",Administracao Publica,292.0,587028.25,0.458829209831872,452
171,172,13536,Novo,2021-09-23,Acima de 5 bilhões,2022-02-25,2,0,1.07,2022,2907184.80973333,Sem Concorrência,0,4,1,0,0,1,0,0,1,0,0,0,0,0,0,0,0,0,0,1,0,0,0,0,0,2,Bens Não Duráveis,Agronegócio,952.0,1312153.58,0.453269341666667,295
172,173,12668,Novo,2021-05-19,De 1 a 5 bilhões,2022-03-02,3,1,21.9,2022,1277691.88385558,RFP,0,1,0,0,0,0,0,0,0,0,0,0,0,0,0,0,0,0,0,1,0,0,0,0,0,2,Bens Duráveis,Demais Ind.,229.0,596689.79,0.443321478717201,760
173,174,13839,Renovação,2021-10-29,De 1 a 5 bilhões,2022-03-02,1,0,0.0,2022,2020287.07115223,Concorrência,0,3,0,0,0,0,0,0,0,0,0,1,0,0,0,0,0,0,1,0,0,0,0,0,0,0,Bens Não Duráveis,Ind de Alimentos e Bebidas,559.0,1228487.35,0.378453353911116,468
174,175,13267,Novo,2021-08-19,De 301 a 500 milhões,2022-03-03,2,0,4.27,2022,1020109.2000703,Concorrência,0,1,0,0,0,0,1,0,0,0,0,0,0,0,0,0,0,0,0,0,0,0,0,0,0,2,Serviços,Servicos Especializados,236.0,411259.86,0.519435535794621,482
175,176,13490,Novo,2021-09-20,De 501 a 1 bilhão,2022-03-03,1,0,0.0,2022,348068.598126167,Concorrência,0,1,0,0,0,0,1,0,0,0,0,0,0,0,0,0,0,0,0,0,0,0,0,0,0,2,Serviços,Serviços Financeiros,59.0,147357.87,0.495349760273973,620
176,177,14168,Novo,2021-12-13,Até 15 milhões de faturamento,2022-03-03,1,0,0.0,2022,107326.118243869,Concorrência,0,1,0,0,0,0,0,0,0,0,0,0,0,0,0,0,0,0,1,0,0,0,0,0,0,2,Internacional & Outros,Servicos Especializados,12.0,57333.79,0.363223212550326,582
177,178,14187,Novo,2021-12-14,"De 60,1 a 300 milhoes",2022-03-03,1,0,0.0,2022,2350953.06629427,Concorrência,0,5,0,0,0,1,0,0,0,0,0,0,0,0,0,0,0,0,1,0,0,0,0,0,0,2,Serviços,Transporte e Logística,463.0,792421.66,0.598214394726835,526
178,179,14247,Renovação,2021-12-23,De 501 a 1 bilhão,2022-03-03,4,2,7.2,2022,358775.880986648,Publico,0,1,0,0,0,0,0,0,0,1,0,0,0,0,0,0,0,0,0,0,0,0,0,0,0,0,Serviços,Energia,68.0,163589.82,0.456480625950014,178
179,180,12703,Novo,2021-05-25,"De 60,1 a 300 milhoes",2022-03-07,1,0,0.0,2022,424357.250001187,Concorrência,0,1,0,0,0,0,1,0,0,0,0,0,0,0,0,0,0,0,0,0,0,0,0,0,0,2,"Saúde, Educação e Serviços Públicos",Ensino/Educação,97.0,176231.0,0.504968683962374,750
180,181,12970,Renovação,2021-07-14,"De 60,1 a 300 milhoes",2022-03-07,3,2,16.23,2022,362864.495014986,Sem Concorrência,0,1,0,0,0,0,0,0,0,0,0,0,0,0,0,0,0,0,0,0,0,0,1,0,0,4,"Saúde, Educação e Serviços Públicos",Ensino/Educação,66.0,137136.19,0.549505391532871,173
181,182,13080,Novo,2021-07-28,"De 60,1 a 300 milhoes",2022-03-07,1,0,0.0,2022,903583.700262669,Publico,0,4,0,0,0,0,1,0,0,0,0,0,0,0,0,0,0,0,0,0,0,0,0,0,0,2,"Saúde, Educação e Serviços Públicos",Associações Fed. Fundações e Entidades De Classe,212.0,427670.03,0.435813846417688,314
182,183,13380,Renovação,2021-09-02,De 301 a 500 milhões,2022-03-07,8,2,6.63,2022,337310.657337874,Concorrência,0,1,0,0,0,0,0,0,0,0,0,0,0,0,0,0,0,0,0,1,0,0,0,0,0,0,Serviços,Transporte e Logística,81.0,95578.68,0.662236310628147,437
183,184,13437,Renovação,2021-09-13,Acima de 5 bilhões,2022-03-07,24,15,0.1,2022,2064177.96454964,Sem Concorrência,0,2,0,0,0,0,0,0,1,0,0,0,0,0,0,0,0,0,1,0,0,0,0,0,0,1,Internacional & Outros,Ind de Alimentos e Bebidas,364.0,1233231.55,0.389320118939095,505
184,185,13691,Recuperação,2021-10-13,De 301 a 500 milhões,2022-03-07,3,1,4.63,2022,6475342.4673801,Publico,0,6,0,0,0,0,0,0,0,0,0,0,0,0,0,0,0,0,1,1,0,0,0,0,0,2,"Saúde, Educação e Serviços Públicos",Ensino/Educação,1943.0,3211114.78,0.408880778496989,722
185,186,14222,Renovação,2021-12-21,"De 60,1 a 300 milhoes",2022-03-07,1,0,0.0,2022,93015.9691446865,Concorrência,0,1,0,0,0,0,0,0,0,0,0,0,0,0,0,0,0,1,0,0,0,0,0,0,0,2,"Saúde, Educação e Serviços Públicos",Associações Fed. Fundações e Entidades De Classe,39.0,39011.26,0.500063947714093,473
186,187,11969,Recuperação,2021-01-20,De 1 a 5 bilhões,2022-03-08,12,3,1.83,2022,649067.476998637,Sem Concorrência,0,1,0,0,1,0,0,0,0,0,0,0,0,0,0,0,0,0,0,0,0,0,0,0,0,0,Serviços,Serviços Financeiros,217.0,285952.5,0.474846766603154,181
187,188,14095,Novo,2021-12-02,"De 60,1 a 300 milhoes",2022-03-08,2,1,9.6,2022,1001710.43694278,Sem Concorrência,0,1,0,0,0,0,0,0,0,0,0,0,0,0,0,0,0,1,0,0,0,0,0,0,0,2,"Saúde, Educação e Serviços Públicos",Serviços Médicos,225.0,329274.88,0.608169358005593,501
188,189,12860,Renovação,2021-06-21,"De 60,1 a 300 milhoes",2022-03-09,2,1,13.03,2022,200342.087388556,Sem Concorrência,0,1,0,0,0,0,0,0,0,0,0,0,0,0,0,0,0,0,0,1,0,0,0,0,0,2,Bens Duráveis,Demais Ind.,64.0,77737.8,0.537467721782591,396
189,190,13599,Recuperação,2021-09-29,Acima de 5 bilhões,2022-03-10,3,0,8.4,2022,417038.630890463,Concorrência,0,1,0,0,0,0,0,0,0,0,0,1,0,0,0,0,0,0,0,0,0,0,0,0,0,2,Infraestrutura e Indústria de Base,Siderurgia e Mineração,79.0,134649.43,0.615133396215629,353
190,191,13617,Novo,2021-10-04,De 1 a 5 bilhões,2022-03-10,1,0,0.0,2022,255091.368599399,Sem Concorrência,0,1,0,0,0,1,0,0,0,0,0,0,0,0,0,0,0,0,0,0,0,0,0,0,0,2,Infraestrutura e Indústria de Base,Incorporação e Construção,64.0,73678.45,0.655708177570093,104
191,192,13836,Novo,2021-10-29,De 1 a 5 bilhões,2022-03-10,1,0,0.0,2022,393365.197912659,Concorrência,0,1,0,0,0,0,1,0,0,0,0,0,0,0,0,0,0,0,0,0,0,0,0,0,0,2,Infraestrutura e Indústria de Base,Incorporação e Construção,80.0,184996.59,0.439404272727273,298
192,193,13049,Novo,2021-07-23,De 1 a 5 bilhões,2022-03-14,2,0,45.13,2022,1226584.20850136,Sem Concorrência,0,1,0,0,0,0,0,0,0,0,0,0,0,0,0,0,0,0,0,0,0,0,0,0,0,3,Infraestrutura e Indústria de Base,Incorporação e Construção,328.0,532682.31,0.482330116618076,236
193,194,13488,Renovação,2021-09-20,De 1 a 5 bilhões,2022-03-15,21,13,2.77,2022,2379573.36449264,Sem Concorrência,0,1,0,0,0,0,0,0,0,0,0,1,0,0,0,0,0,0,0,0,0,0,0,0,0,1,Internacional & Outros,Siderurgia e Mineração,309.0,1253306.78,0.461637981099656,355
194,195,14014,Renovação,2021-11-24,De 1 a 5 bilhões,2022-03-15,3,0,4.93,2022,868830.481021797,RFP,0,1,0,0,0,0,0,0,0,0,0,0,0,0,0,0,0,0,0,1,0,0,0,0,0,2,Bens Duráveis,Demais Ind.,256.0,335339.07,0.53992238724061,171
195,196,12196,Recuperação,2021-03-02,De 301 a 500 milhões,2022-03-16,4,0,6.1,2022,294427.893501432,Sem Concorrência,0,1,0,0,0,0,1,0,0,0,0,0,0,0,0,0,0,0,0,0,0,0,0,0,0,2,Infraestrutura e Indústria de Base,Siderurgia e Mineração,60.0,105923.66,0.571159271255061,393
196,197,13828,Novo,2021-10-29,De 501 a 1 bilhão,2022-03-21,4,0,48.17,2022,971045.831730244,Concorrência,0,1,0,0,0,0,0,0,0,1,0,0,0,0,0,0,0,0,0,0,0,0,0,0,0,2,Bens Duráveis,Demais Ind.,220.0,356040.95,0.562938836888139,616
197,198,10399,Recuperação,2020-01-16,"De 60,1 a 300 milhoes",2022-03-23,3,1,0.5,2022,597959.801644413,Concorrência,0,1,0,0,0,1,0,0,0,0,0,0,0,0,0,0,0,0,0,0,0,0,0,0,0,2,"Saúde, Educação e Serviços Públicos",Serviços Médicos,158.0,250856.66,0.499924427499938,501
198,199,13958,Recuperação,2021-11-17,De 1 a 5 bilhões,2022-03-23,3,0,16.5,2022,346510.038901634,Concorrência,0,1,0,0,0,0,0,0,0,0,0,0,0,1,0,0,0,0,0,0,0,0,0,0,0,4,"Saúde, Educação e Serviços Públicos",Serviços Médicos,95.0,142025.03,0.511425200168563,395
199,200,13465,Renovação,2021-09-16,De 501 a 1 bilhão,2022-03-24,5,2,8.03,2022,953669.222109808,Concorrência,0,3,0,0,0,0,0,0,0,0,0,1,0,0,0,0,0,0,0,0,0,0,0,0,0,2,"Saúde, Educação e Serviços Públicos",Administracao Publica,329.0,445411.99,0.443268068458435,715
200,201,13667,Novo,2021-10-07,De 301 a 500 milhões,2022-03-24,1,0,0.0,2022,435249.31777268,Concorrência,0,4,1,0,0,0,0,0,0,0,0,0,0,0,0,0,0,0,0,0,0,0,0,0,0,2,"Saúde, Educação e Serviços Públicos",Associações Fed. Fundações e Entidades De Classe,107.0,209996.42,0.424884783287415,737
201,202,14200,Novo,2021-12-16,De 301 a 500 milhões,2022-03-24,1,0,0.0,2022,419917.015166413,Concorrência,0,4,1,0,0,0,0,0,0,0,0,0,0,0,0,0,0,0,0,0,0,0,0,0,0,2,"Saúde, Educação e Serviços Públicos",Associações Fed. Fundações e Entidades De Classe,107.0,200926.92,0.429631297095597,730
202,203,14285,Novo,2022-01-07,De 501 a 1 bilhão,2022-03-24,1,0,0.0,2022,833219.010588702,Concorrência,0,2,0,0,0,0,0,0,0,0,0,0,0,0,0,0,0,0,1,0,0,0,0,0,0,2,Bens Não Duráveis,Comércio de Alimentos e Bebidas,48.0,400311.38,0.427308469241774,738
203,204,12722,Renovação,2021-05-28,Acima de 5 bilhões,2022-05-04,32,23,9.97,2022,560732.221716296,Concorrência,0,1,0,0,0,0,0,0,0,0,0,0,1,0,0,0,0,0,0,0,0,0,0,0,0,1,Internacional & Outros,Servicos Especializados,99.0,349616.05,0.372323070017953,514
204,205,14177,Renovação,2021-12-14,De 1 a 5 bilhões,2022-05-20,5,1,3.37,2022,552678.617095595,Concorrência,0,1,0,0,0,0,0,0,0,0,0,0,0,0,0,0,0,0,0,1,0,0,0,0,0,2,Bens Duráveis,Demais Comercios,146.0,201343.91,0.572307115508186,516
